Timestamp,Modo,Acao,Detalhes
2025-11-11 11:05:09,Interativo,INICIO_SESSAO,Res=50
2025-11-11 11:05:09,1,CLIQUE_ESQUERDO,"Start @(44,9)"
2025-11-11 11:05:10,1,CLIQUE_ESQUERDO,"End @(17,30)"
2025-11-11 11:05:11,1,CLIQUE_ESQUERDO,"Barreira @(18,11)"
2025-11-11 11:05:11,1,CLIQUE_ESQUERDO,"Barreira @(18,11)"
2025-11-11 11:05:11,1,CLIQUE_ESQUERDO,"Barreira @(18,11)"
2025-11-11 11:05:11,1,CLIQUE_ESQUERDO,"Barreira @(19,12)"
2025-11-11 11:05:11,1,CLIQUE_ESQUERDO,"Barreira @(19,12)"
2025-11-11 11:05:11,1,CLIQUE_ESQUERDO,"Barreira @(20,13)"
2025-11-11 11:05:11,1,CLIQUE_ESQUERDO,"Barreira @(20,13)"
2025-11-11 11:05:11,1,CLIQUE_ESQUERDO,"Barreira @(21,13)"
2025-11-11 11:05:11,1,CLIQUE_ESQUERDO,"Barreira @(21,14)"
2025-11-11 11:05:11,1,CLIQUE_ESQUERDO,"Barreira @(22,14)"
2025-11-11 11:05:11,1,CLIQUE_ESQUERDO,"Barreira @(22,14)"
2025-11-11 11:05:11,1,CLIQUE_ESQUERDO,"Barreira @(23,14)"
2025-11-11 11:05:11,1,CLIQUE_ESQUERDO,"Barreira @(23,14)"
2025-11-11 11:05:11,1,CLIQUE_ESQUERDO,"Barreira @(23,15)"
2025-11-11 11:05:11,1,CLIQUE_ESQUERDO,"Barreira @(23,15)"
2025-11-11 11:05:11,1,CLIQUE_ESQUERDO,"Barreira @(24,15)"
2025-11-11 11:05:11,1,CLIQUE_ESQUERDO,"Barreira @(24,15)"
2025-11-11 11:05:11,1,CLIQUE_ESQUERDO,"Barreira @(24,15)"
2025-11-11 11:05:11,1,CLIQUE_ESQUERDO,"Barreira @(24,15)"
2025-11-11 11:05:11,1,CLIQUE_ESQUERDO,"Barreira @(24,15)"
2025-11-11 11:05:11,1,CLIQUE_ESQUERDO,"Barreira @(24,15)"
2025-11-11 11:05:11,1,CLIQUE_ESQUERDO,"Barreira @(24,15)"
2025-11-11 11:05:11,1,CLIQUE_ESQUERDO,"Barreira @(25,15)"
2025-11-11 11:05:11,1,CLIQUE_ESQUERDO,"Barreira @(25,15)"
2025-11-11 11:05:11,1,CLIQUE_ESQUERDO,"Barreira @(25,15)"
2025-11-11 11:05:11,1,RUN_1_AGENTE,"Start:(44,9)"
2025-11-11 11:05:11,1,FIM_MOVIMENTO,1 agentes
2025-11-11 11:05:15,1,RUN_MULTI_AGENTE,5 agentes
2025-11-11 11:05:15,1,FIM_MOVIMENTO,5 agentes
2025-11-11 11:05:20,1,LIMPAR_GRID,C
2025-11-11 11:05:21,1,CLIQUE_ESQUERDO,"Start @(28,24)"
2025-11-11 11:05:22,1,CLIQUE_ESQUERDO,"End @(13,17)"
2025-11-11 11:05:23,1,CLIQUE_ESQUERDO,"Barreira @(14,27)"
2025-11-11 11:05:23,1,CLIQUE_ESQUERDO,"Barreira @(14,27)"
2025-11-11 11:05:23,1,CLIQUE_ESQUERDO,"Barreira @(14,27)"
2025-11-11 11:05:23,1,CLIQUE_ESQUERDO,"Barreira @(14,26)"
2025-11-11 11:05:23,1,CLIQUE_ESQUERDO,"Barreira @(15,25)"
2025-11-11 11:05:23,1,CLIQUE_ESQUERDO,"Barreira @(15,25)"
2025-11-11 11:05:23,1,CLIQUE_ESQUERDO,"Barreira @(15,25)"
2025-11-11 11:05:23,1,CLIQUE_ESQUERDO,"Barreira @(15,24)"
2025-11-11 11:05:23,1,CLIQUE_ESQUERDO,"Barreira @(16,24)"
2025-11-11 11:05:23,1,CLIQUE_ESQUERDO,"Barreira @(16,24)"
2025-11-11 11:05:23,1,CLIQUE_ESQUERDO,"Barreira @(16,24)"
2025-11-11 11:05:23,1,CLIQUE_ESQUERDO,"Barreira @(16,24)"
2025-11-11 11:05:23,1,CLIQUE_ESQUERDO,"Barreira @(16,24)"
2025-11-11 11:05:23,1,CLIQUE_ESQUERDO,"Barreira @(16,24)"
2025-11-11 11:05:23,1,CLIQUE_ESQUERDO,"Barreira @(16,24)"
2025-11-11 11:05:23,1,RUN_1_AGENTE,"Start:(28,24)"
2025-11-11 11:05:23,1,FIM_MOVIMENTO,1 agentes
2025-11-11 11:16:12,Interativo,INICIO_SESSAO,Res=50
2025-11-11 11:16:13,1,CLIQUE_ESQUERDO,"Start @(18,13)"
2025-11-11 11:16:14,1,CLIQUE_ESQUERDO,"End @(30,32)"
2025-11-11 11:16:14,1,CLIQUE_ESQUERDO,"Barreira @(16,23)"
2025-11-11 11:16:14,1,CLIQUE_ESQUERDO,"Barreira @(17,23)"
2025-11-11 11:16:14,1,CLIQUE_ESQUERDO,"Barreira @(18,23)"
2025-11-11 11:16:14,1,CLIQUE_ESQUERDO,"Barreira @(20,22)"
2025-11-11 11:16:14,1,CLIQUE_ESQUERDO,"Barreira @(20,22)"
2025-11-11 11:16:14,1,CLIQUE_ESQUERDO,"Barreira @(21,22)"
2025-11-11 11:16:14,1,CLIQUE_ESQUERDO,"Barreira @(24,21)"
2025-11-11 11:16:14,1,CLIQUE_ESQUERDO,"Barreira @(24,20)"
2025-11-11 11:16:14,1,CLIQUE_ESQUERDO,"Barreira @(25,20)"
2025-11-11 11:16:14,1,CLIQUE_ESQUERDO,"Barreira @(25,20)"
2025-11-11 11:16:14,1,CLIQUE_ESQUERDO,"Barreira @(25,20)"
2025-11-11 11:16:14,1,CLIQUE_ESQUERDO,"Barreira @(26,20)"
2025-11-11 11:16:14,1,CLIQUE_ESQUERDO,"Barreira @(26,20)"
2025-11-11 11:16:14,1,CLIQUE_ESQUERDO,"Barreira @(26,20)"
2025-11-11 11:16:14,1,CLIQUE_ESQUERDO,"Barreira @(26,20)"
2025-11-11 11:16:14,1,CLIQUE_ESQUERDO,"Barreira @(26,19)"
2025-11-11 11:16:14,1,CLIQUE_ESQUERDO,"Barreira @(26,19)"
2025-11-11 11:16:14,1,CLIQUE_ESQUERDO,"Barreira @(26,19)"
2025-11-11 11:16:14,1,CLIQUE_ESQUERDO,"Barreira @(26,19)"
2025-11-11 11:16:15,1,RUN_1_AGENTE,"Start:(18,13)"
2025-11-11 11:16:15,1,FIM_MOVIMENTO,1 agentes
2025-11-11 11:16:18,1,LIMPAR_GRID,C
2025-11-11 11:16:19,1,CLIQUE_ESQUERDO,"Start @(14,10)"
2025-11-11 11:16:20,1,CLIQUE_ESQUERDO,"End @(45,32)"
2025-11-11 11:16:21,1,CLIQUE_ESQUERDO,"Barreira @(8,32)"
2025-11-11 11:16:21,1,CLIQUE_ESQUERDO,"Barreira @(8,31)"
2025-11-11 11:16:21,1,CLIQUE_ESQUERDO,"Barreira @(9,30)"
2025-11-11 11:16:21,1,CLIQUE_ESQUERDO,"Barreira @(10,28)"
2025-11-11 11:16:21,1,CLIQUE_ESQUERDO,"Barreira @(10,28)"
2025-11-11 11:16:21,1,CLIQUE_ESQUERDO,"Barreira @(11,27)"
2025-11-11 11:16:21,1,CLIQUE_ESQUERDO,"Barreira @(14,24)"
2025-11-11 11:16:21,1,CLIQUE_ESQUERDO,"Barreira @(15,23)"
2025-11-11 11:16:21,1,CLIQUE_ESQUERDO,"Barreira @(15,22)"
2025-11-11 11:16:21,1,CLIQUE_ESQUERDO,"Barreira @(19,19)"
2025-11-11 11:16:21,1,CLIQUE_ESQUERDO,"Barreira @(20,18)"
2025-11-11 11:16:21,1,CLIQUE_ESQUERDO,"Barreira @(21,17)"
2025-11-11 11:16:21,1,CLIQUE_ESQUERDO,"Barreira @(23,15)"
2025-11-11 11:16:21,1,CLIQUE_ESQUERDO,"Barreira @(24,14)"
2025-11-11 11:16:21,1,CLIQUE_ESQUERDO,"Barreira @(25,13)"
2025-11-11 11:16:21,1,CLIQUE_ESQUERDO,"Barreira @(25,13)"
2025-11-11 11:16:21,1,CLIQUE_ESQUERDO,"Barreira @(26,13)"
2025-11-11 11:16:21,1,CLIQUE_ESQUERDO,"Barreira @(26,12)"
2025-11-11 11:16:21,1,CLIQUE_ESQUERDO,"Barreira @(27,12)"
2025-11-11 11:16:21,1,CLIQUE_ESQUERDO,"Barreira @(27,12)"
2025-11-11 11:16:21,1,CLIQUE_ESQUERDO,"Barreira @(27,12)"
2025-11-11 11:16:21,1,CLIQUE_ESQUERDO,"Barreira @(27,12)"
2025-11-11 11:16:21,1,CLIQUE_ESQUERDO,"Barreira @(27,12)"
2025-11-11 11:16:21,1,CLIQUE_ESQUERDO,"Barreira @(27,12)"
2025-11-11 11:16:21,1,RUN_1_AGENTE,"Start:(14,10)"
2025-11-11 11:16:22,1,FIM_MOVIMENTO,1 agentes
2025-11-11 11:16:23,1,LIMPAR_GRID,C
2025-11-11 11:16:24,1,CLIQUE_ESQUERDO,"Start @(10,10)"
2025-11-11 11:16:24,1,CLIQUE_ESQUERDO,"End @(28,36)"
2025-11-11 11:16:24,1,CLIQUE_ESQUERDO,"Barreira @(27,35)"
2025-11-11 11:16:24,1,CLIQUE_ESQUERDO,"Barreira @(26,35)"
2025-11-11 11:16:24,1,CLIQUE_ESQUERDO,"Barreira @(24,35)"
2025-11-11 11:16:24,1,CLIQUE_ESQUERDO,"Barreira @(23,35)"
2025-11-11 11:16:24,1,CLIQUE_ESQUERDO,"Barreira @(22,34)"
2025-11-11 11:16:24,1,CLIQUE_ESQUERDO,"Barreira @(20,34)"
2025-11-11 11:16:24,1,CLIQUE_ESQUERDO,"Barreira @(18,34)"
2025-11-11 11:16:24,1,CLIQUE_ESQUERDO,"Barreira @(17,34)"
2025-11-11 11:16:24,1,CLIQUE_ESQUERDO,"Barreira @(14,33)"
2025-11-11 11:16:24,1,CLIQUE_ESQUERDO,"Barreira @(13,33)"
2025-11-11 11:16:24,1,CLIQUE_ESQUERDO,"Barreira @(10,32)"
2025-11-11 11:16:24,1,CLIQUE_ESQUERDO,"Barreira @(9,32)"
2025-11-11 11:16:24,1,CLIQUE_ESQUERDO,"Barreira @(9,32)"
2025-11-11 11:16:24,1,CLIQUE_ESQUERDO,"Barreira @(8,31)"
2025-11-11 11:16:24,1,CLIQUE_ESQUERDO,"Barreira @(7,31)"
2025-11-11 11:16:24,1,CLIQUE_ESQUERDO,"Barreira @(6,31)"
2025-11-11 11:16:24,1,CLIQUE_ESQUERDO,"Barreira @(6,31)"
2025-11-11 11:16:24,1,CLIQUE_ESQUERDO,"Barreira @(5,31)"
2025-11-11 11:16:25,1,CLIQUE_ESQUERDO,"Barreira @(5,31)"
2025-11-11 11:16:25,1,CLIQUE_ESQUERDO,"Barreira @(5,31)"
2025-11-11 11:16:25,1,CLIQUE_ESQUERDO,"Barreira @(4,32)"
2025-11-11 11:16:25,1,CLIQUE_ESQUERDO,"Barreira @(4,32)"
2025-11-11 11:16:25,1,CLIQUE_ESQUERDO,"Barreira @(4,32)"
2025-11-11 11:16:25,1,CLIQUE_ESQUERDO,"Barreira @(4,32)"
2025-11-11 11:16:25,1,CLIQUE_ESQUERDO,"Barreira @(4,32)"
2025-11-11 11:16:25,1,CLIQUE_ESQUERDO,"Barreira @(4,32)"
2025-11-11 11:16:25,1,CLIQUE_ESQUERDO,"Barreira @(4,32)"
2025-11-11 11:16:25,1,CLIQUE_ESQUERDO,"Barreira @(3,32)"
2025-11-11 11:16:25,1,CLIQUE_ESQUERDO,"Barreira @(3,32)"
2025-11-11 11:16:25,1,CLIQUE_ESQUERDO,"Barreira @(3,32)"
2025-11-11 11:16:25,1,CLIQUE_ESQUERDO,"Barreira @(3,32)"
2025-11-11 11:16:25,1,CLIQUE_ESQUERDO,"Barreira @(3,32)"
2025-11-11 11:16:25,1,CLIQUE_ESQUERDO,"Barreira @(3,33)"
2025-11-11 11:16:25,1,CLIQUE_ESQUERDO,"Barreira @(2,33)"
2025-11-11 11:16:25,1,CLIQUE_ESQUERDO,"Barreira @(2,33)"
2025-11-11 11:16:25,1,CLIQUE_ESQUERDO,"Barreira @(2,33)"
2025-11-11 11:16:25,1,CLIQUE_ESQUERDO,"Barreira @(2,33)"
2025-11-11 11:16:25,1,CLIQUE_ESQUERDO,"Barreira @(2,33)"
2025-11-11 11:16:25,1,CLIQUE_ESQUERDO,"Barreira @(2,33)"
2025-11-11 11:16:25,1,CLIQUE_ESQUERDO,"Barreira @(2,32)"
2025-11-11 11:16:25,1,CLIQUE_ESQUERDO,"Barreira @(2,32)"
2025-11-11 11:16:25,1,CLIQUE_ESQUERDO,"Barreira @(2,32)"
2025-11-11 11:16:25,1,CLIQUE_ESQUERDO,"Barreira @(2,32)"
2025-11-11 11:16:25,1,CLIQUE_ESQUERDO,"Barreira @(3,32)"
2025-11-11 11:16:25,1,CLIQUE_ESQUERDO,"Barreira @(3,32)"
2025-11-11 11:16:25,1,CLIQUE_ESQUERDO,"Barreira @(4,31)"
2025-11-11 11:16:25,1,CLIQUE_ESQUERDO,"Barreira @(4,31)"
2025-11-11 11:16:25,1,CLIQUE_ESQUERDO,"Barreira @(4,30)"
2025-11-11 11:16:25,1,CLIQUE_ESQUERDO,"Barreira @(4,30)"
2025-11-11 11:16:25,1,CLIQUE_ESQUERDO,"Barreira @(5,30)"
2025-11-11 11:16:25,1,CLIQUE_ESQUERDO,"Barreira @(5,29)"
2025-11-11 11:16:25,1,CLIQUE_ESQUERDO,"Barreira @(5,29)"
2025-11-11 11:16:25,1,CLIQUE_ESQUERDO,"Barreira @(6,29)"
2025-11-11 11:16:25,1,CLIQUE_ESQUERDO,"Barreira @(6,28)"
2025-11-11 11:16:25,1,CLIQUE_ESQUERDO,"Barreira @(7,28)"
2025-11-11 11:16:25,1,CLIQUE_ESQUERDO,"Barreira @(7,28)"
2025-11-11 11:16:25,1,CLIQUE_ESQUERDO,"Barreira @(8,27)"
2025-11-11 11:16:25,1,CLIQUE_ESQUERDO,"Barreira @(8,27)"
2025-11-11 11:16:25,1,CLIQUE_ESQUERDO,"Barreira @(9,26)"
2025-11-11 11:16:25,1,CLIQUE_ESQUERDO,"Barreira @(10,25)"
2025-11-11 11:16:25,1,CLIQUE_ESQUERDO,"Barreira @(10,25)"
2025-11-11 11:16:25,1,CLIQUE_ESQUERDO,"Barreira @(11,25)"
2025-11-11 11:16:25,1,CLIQUE_ESQUERDO,"Barreira @(12,24)"
2025-11-11 11:16:25,1,CLIQUE_ESQUERDO,"Barreira @(13,23)"
2025-11-11 11:16:25,1,CLIQUE_ESQUERDO,"Barreira @(14,23)"
2025-11-11 11:16:25,1,CLIQUE_ESQUERDO,"Barreira @(14,22)"
2025-11-11 11:16:25,1,CLIQUE_ESQUERDO,"Barreira @(15,22)"
2025-11-11 11:16:25,1,CLIQUE_ESQUERDO,"Barreira @(16,21)"
2025-11-11 11:16:25,1,CLIQUE_ESQUERDO,"Barreira @(17,21)"
2025-11-11 11:16:25,1,CLIQUE_ESQUERDO,"Barreira @(17,21)"
2025-11-11 11:16:25,1,CLIQUE_ESQUERDO,"Barreira @(17,21)"
2025-11-11 11:16:25,1,CLIQUE_ESQUERDO,"Barreira @(18,21)"
2025-11-11 11:16:25,1,CLIQUE_ESQUERDO,"Barreira @(18,20)"
2025-11-11 11:16:25,1,CLIQUE_ESQUERDO,"Barreira @(19,20)"
2025-11-11 11:16:25,1,CLIQUE_ESQUERDO,"Barreira @(19,20)"
2025-11-11 11:16:25,1,CLIQUE_ESQUERDO,"Barreira @(19,20)"
2025-11-11 11:16:25,1,CLIQUE_ESQUERDO,"Barreira @(19,20)"
2025-11-11 11:16:25,1,CLIQUE_ESQUERDO,"Barreira @(20,20)"
2025-11-11 11:16:25,1,CLIQUE_ESQUERDO,"Barreira @(20,20)"
2025-11-11 11:16:25,1,CLIQUE_ESQUERDO,"Barreira @(20,19)"
2025-11-11 11:16:25,1,CLIQUE_ESQUERDO,"Barreira @(20,19)"
2025-11-11 11:16:25,1,CLIQUE_ESQUERDO,"Barreira @(20,19)"
2025-11-11 11:16:25,1,CLIQUE_ESQUERDO,"Barreira @(21,19)"
2025-11-11 11:16:25,1,CLIQUE_ESQUERDO,"Barreira @(21,19)"
2025-11-11 11:16:25,1,CLIQUE_ESQUERDO,"Barreira @(21,19)"
2025-11-11 11:16:25,1,CLIQUE_ESQUERDO,"Barreira @(21,19)"
2025-11-11 11:16:25,1,CLIQUE_ESQUERDO,"Barreira @(21,19)"
2025-11-11 11:16:25,1,CLIQUE_ESQUERDO,"Barreira @(21,19)"
2025-11-11 11:16:25,1,CLIQUE_ESQUERDO,"Barreira @(21,19)"
2025-11-11 11:16:25,1,CLIQUE_ESQUERDO,"Barreira @(21,19)"
2025-11-11 11:16:25,1,CLIQUE_ESQUERDO,"Barreira @(21,19)"
2025-11-11 11:16:26,1,RUN_1_AGENTE,"Start:(10,10)"
2025-11-11 11:16:26,1,FIM_MOVIMENTO,1 agentes
2025-11-11 11:16:35,Procedural (8 Ags),INICIO_SESSAO,Res=50
2025-11-11 11:16:35,Procedural (8 Ags),GERAR_PROCEDURAL,8 agentes
2025-11-11 11:16:35,2,FIM_MOVIMENTO,8 agentes
2025-11-11 11:16:37,2,LIMPAR_GRID,C
2025-11-11 11:16:37,2,FIM_MOVIMENTO,8 agentes
2025-11-11 11:16:38,2,LIMPAR_GRID,C
2025-11-11 11:16:39,2,FIM_MOVIMENTO,8 agentes
2025-11-11 11:16:40,2,LIMPAR_GRID,C
2025-11-11 11:16:40,2,FIM_MOVIMENTO,8 agentes
2025-11-11 11:16:43,2,LIMPAR_GRID,C
2025-11-11 11:16:43,2,FIM_MOVIMENTO,8 agentes
2025-11-11 11:16:43,2,LIMPAR_GRID,C
2025-11-11 11:16:44,2,FIM_MOVIMENTO,8 agentes
2025-11-11 11:16:44,2,LIMPAR_GRID,C
2025-11-11 11:16:44,2,FIM_MOVIMENTO,8 agentes
2025-11-11 11:16:50,Interativo,INICIO_SESSAO,Res=50
2025-11-11 11:16:51,1,CLIQUE_ESQUERDO,"Start @(28,11)"
2025-11-11 11:16:51,1,CLIQUE_ESQUERDO,"End @(11,39)"
2025-11-11 11:16:52,1,CLIQUE_ESQUERDO,"Barreira @(40,33)"
2025-11-11 11:16:52,1,CLIQUE_ESQUERDO,"Barreira @(39,34)"
2025-11-11 11:16:52,1,CLIQUE_ESQUERDO,"Barreira @(38,34)"
2025-11-11 11:16:52,1,CLIQUE_ESQUERDO,"Barreira @(37,34)"
2025-11-11 11:16:52,1,CLIQUE_ESQUERDO,"Barreira @(34,35)"
2025-11-11 11:16:52,1,CLIQUE_ESQUERDO,"Barreira @(32,35)"
2025-11-11 11:16:52,1,CLIQUE_ESQUERDO,"Barreira @(30,35)"
2025-11-11 11:16:52,1,CLIQUE_ESQUERDO,"Barreira @(28,34)"
2025-11-11 11:16:52,1,CLIQUE_ESQUERDO,"Barreira @(27,34)"
2025-11-11 11:16:52,1,CLIQUE_ESQUERDO,"Barreira @(24,34)"
2025-11-11 11:16:52,1,CLIQUE_ESQUERDO,"Barreira @(23,33)"
2025-11-11 11:16:52,1,CLIQUE_ESQUERDO,"Barreira @(21,33)"
2025-11-11 11:16:52,1,CLIQUE_ESQUERDO,"Barreira @(19,32)"
2025-11-11 11:16:52,1,CLIQUE_ESQUERDO,"Barreira @(17,32)"
2025-11-11 11:16:52,1,CLIQUE_ESQUERDO,"Barreira @(15,30)"
2025-11-11 11:16:52,1,CLIQUE_ESQUERDO,"Barreira @(13,30)"
2025-11-11 11:16:52,1,CLIQUE_ESQUERDO,"Barreira @(12,29)"
2025-11-11 11:16:52,1,CLIQUE_ESQUERDO,"Barreira @(11,29)"
2025-11-11 11:16:52,1,CLIQUE_ESQUERDO,"Barreira @(10,28)"
2025-11-11 11:16:52,1,CLIQUE_ESQUERDO,"Barreira @(9,27)"
2025-11-11 11:16:52,1,CLIQUE_ESQUERDO,"Barreira @(9,27)"
2025-11-11 11:16:52,1,CLIQUE_ESQUERDO,"Barreira @(8,26)"
2025-11-11 11:16:52,1,CLIQUE_ESQUERDO,"Barreira @(7,26)"
2025-11-11 11:16:52,1,CLIQUE_ESQUERDO,"Barreira @(7,24)"
2025-11-11 11:16:52,1,CLIQUE_ESQUERDO,"Barreira @(6,23)"
2025-11-11 11:16:52,1,CLIQUE_ESQUERDO,"Barreira @(6,23)"
2025-11-11 11:16:52,1,CLIQUE_ESQUERDO,"Barreira @(5,22)"
2025-11-11 11:16:52,1,CLIQUE_ESQUERDO,"Barreira @(5,20)"
2025-11-11 11:16:52,1,CLIQUE_ESQUERDO,"Barreira @(5,20)"
2025-11-11 11:16:52,1,CLIQUE_ESQUERDO,"Barreira @(5,19)"
2025-11-11 11:16:52,1,CLIQUE_ESQUERDO,"Barreira @(5,19)"
2025-11-11 11:16:52,1,CLIQUE_ESQUERDO,"Barreira @(5,19)"
2025-11-11 11:16:52,1,CLIQUE_ESQUERDO,"Barreira @(5,18)"
2025-11-11 11:16:52,1,CLIQUE_ESQUERDO,"Barreira @(5,18)"
2025-11-11 11:16:52,1,CLIQUE_ESQUERDO,"Barreira @(5,18)"
2025-11-11 11:16:52,1,CLIQUE_ESQUERDO,"Barreira @(5,18)"
2025-11-11 11:16:52,1,CLIQUE_ESQUERDO,"Barreira @(5,17)"
2025-11-11 11:16:52,1,CLIQUE_ESQUERDO,"Barreira @(5,17)"
2025-11-11 11:16:52,1,CLIQUE_ESQUERDO,"Barreira @(5,16)"
2025-11-11 11:16:52,1,CLIQUE_ESQUERDO,"Barreira @(5,16)"
2025-11-11 11:16:52,1,CLIQUE_ESQUERDO,"Barreira @(5,15)"
2025-11-11 11:16:52,1,CLIQUE_ESQUERDO,"Barreira @(6,15)"
2025-11-11 11:16:52,1,CLIQUE_ESQUERDO,"Barreira @(7,14)"
2025-11-11 11:16:52,1,CLIQUE_ESQUERDO,"Barreira @(7,14)"
2025-11-11 11:16:52,1,CLIQUE_ESQUERDO,"Barreira @(8,13)"
2025-11-11 11:16:52,1,CLIQUE_ESQUERDO,"Barreira @(8,13)"
2025-11-11 11:16:52,1,CLIQUE_ESQUERDO,"Barreira @(9,13)"
2025-11-11 11:16:52,1,CLIQUE_ESQUERDO,"Barreira @(10,14)"
2025-11-11 11:16:52,1,CLIQUE_ESQUERDO,"Barreira @(11,14)"
2025-11-11 11:16:52,1,CLIQUE_ESQUERDO,"Barreira @(11,15)"
2025-11-11 11:16:52,1,CLIQUE_ESQUERDO,"Barreira @(13,16)"
2025-11-11 11:16:52,1,CLIQUE_ESQUERDO,"Barreira @(14,18)"
2025-11-11 11:16:52,1,CLIQUE_ESQUERDO,"Barreira @(16,19)"
2025-11-11 11:16:52,1,CLIQUE_ESQUERDO,"Barreira @(16,20)"
2025-11-11 11:16:52,1,CLIQUE_ESQUERDO,"Barreira @(18,21)"
2025-11-11 11:16:52,1,CLIQUE_ESQUERDO,"Barreira @(18,22)"
2025-11-11 11:16:52,1,CLIQUE_ESQUERDO,"Barreira @(19,23)"
2025-11-11 11:16:52,1,CLIQUE_ESQUERDO,"Barreira @(19,24)"
2025-11-11 11:16:52,1,CLIQUE_ESQUERDO,"Barreira @(19,24)"
2025-11-11 11:16:52,1,CLIQUE_ESQUERDO,"Barreira @(19,25)"
2025-11-11 11:16:52,1,CLIQUE_ESQUERDO,"Barreira @(19,25)"
2025-11-11 11:16:52,1,CLIQUE_ESQUERDO,"Barreira @(19,26)"
2025-11-11 11:16:52,1,CLIQUE_ESQUERDO,"Barreira @(19,26)"
2025-11-11 11:16:52,1,CLIQUE_ESQUERDO,"Barreira @(19,26)"
2025-11-11 11:16:52,1,CLIQUE_ESQUERDO,"Barreira @(19,26)"
2025-11-11 11:16:52,1,CLIQUE_ESQUERDO,"Barreira @(19,27)"
2025-11-11 11:16:52,1,CLIQUE_ESQUERDO,"Barreira @(19,27)"
2025-11-11 11:16:52,1,CLIQUE_ESQUERDO,"Barreira @(19,27)"
2025-11-11 11:16:52,1,CLIQUE_ESQUERDO,"Barreira @(19,27)"
2025-11-11 11:16:52,1,CLIQUE_ESQUERDO,"Barreira @(19,27)"
2025-11-11 11:16:52,1,CLIQUE_ESQUERDO,"Barreira @(19,27)"
2025-11-11 11:16:52,1,CLIQUE_ESQUERDO,"Barreira @(18,27)"
2025-11-11 11:16:52,1,CLIQUE_ESQUERDO,"Barreira @(18,28)"
2025-11-11 11:16:52,1,CLIQUE_ESQUERDO,"Barreira @(17,28)"
2025-11-11 11:16:52,1,CLIQUE_ESQUERDO,"Barreira @(17,28)"
2025-11-11 11:16:53,1,CLIQUE_ESQUERDO,"Barreira @(16,28)"
2025-11-11 11:16:53,1,CLIQUE_ESQUERDO,"Barreira @(15,28)"
2025-11-11 11:16:53,1,CLIQUE_ESQUERDO,"Barreira @(14,28)"
2025-11-11 11:16:53,1,CLIQUE_ESQUERDO,"Barreira @(14,27)"
2025-11-11 11:16:53,1,CLIQUE_ESQUERDO,"Barreira @(13,27)"
2025-11-11 11:16:53,1,CLIQUE_ESQUERDO,"Barreira @(13,27)"
2025-11-11 11:16:53,1,CLIQUE_ESQUERDO,"Barreira @(12,27)"
2025-11-11 11:16:53,1,CLIQUE_ESQUERDO,"Barreira @(12,26)"
2025-11-11 11:16:53,1,CLIQUE_ESQUERDO,"Barreira @(11,25)"
2025-11-11 11:16:53,1,CLIQUE_ESQUERDO,"Barreira @(11,25)"
2025-11-11 11:16:53,1,CLIQUE_ESQUERDO,"Barreira @(11,24)"
2025-11-11 11:16:53,1,CLIQUE_ESQUERDO,"Barreira @(10,23)"
2025-11-11 11:16:53,1,CLIQUE_ESQUERDO,"Barreira @(10,22)"
2025-11-11 11:16:53,1,CLIQUE_ESQUERDO,"Barreira @(10,22)"
2025-11-11 11:16:53,1,CLIQUE_ESQUERDO,"Barreira @(10,21)"
2025-11-11 11:16:53,1,CLIQUE_ESQUERDO,"Barreira @(11,21)"
2025-11-11 11:16:53,1,CLIQUE_ESQUERDO,"Barreira @(11,20)"
2025-11-11 11:16:53,1,CLIQUE_ESQUERDO,"Barreira @(11,19)"
2025-11-11 11:16:53,1,CLIQUE_ESQUERDO,"Barreira @(11,19)"
2025-11-11 11:16:53,1,CLIQUE_ESQUERDO,"Barreira @(11,19)"
2025-11-11 11:16:53,1,CLIQUE_ESQUERDO,"Barreira @(12,18)"
2025-11-11 11:16:53,1,CLIQUE_ESQUERDO,"Barreira @(13,18)"
2025-11-11 11:16:53,1,CLIQUE_ESQUERDO,"Barreira @(13,18)"
2025-11-11 11:16:53,1,CLIQUE_ESQUERDO,"Barreira @(14,18)"
2025-11-11 11:16:53,1,CLIQUE_ESQUERDO,"Barreira @(14,18)"
2025-11-11 11:16:53,1,CLIQUE_ESQUERDO,"Barreira @(15,19)"
2025-11-11 11:16:53,1,CLIQUE_ESQUERDO,"Barreira @(16,19)"
2025-11-11 11:16:53,1,CLIQUE_ESQUERDO,"Barreira @(16,19)"
2025-11-11 11:16:53,1,CLIQUE_ESQUERDO,"Barreira @(17,20)"
2025-11-11 11:16:53,1,CLIQUE_ESQUERDO,"Barreira @(18,20)"
2025-11-11 11:16:53,1,CLIQUE_ESQUERDO,"Barreira @(18,21)"
2025-11-11 11:16:53,1,CLIQUE_ESQUERDO,"Barreira @(19,21)"
2025-11-11 11:16:53,1,CLIQUE_ESQUERDO,"Barreira @(20,22)"
2025-11-11 11:16:53,1,CLIQUE_ESQUERDO,"Barreira @(20,23)"
2025-11-11 11:16:53,1,CLIQUE_ESQUERDO,"Barreira @(20,24)"
2025-11-11 11:16:53,1,CLIQUE_ESQUERDO,"Barreira @(21,24)"
2025-11-11 11:16:53,1,CLIQUE_ESQUERDO,"Barreira @(21,25)"
2025-11-11 11:16:53,1,CLIQUE_ESQUERDO,"Barreira @(21,25)"
2025-11-11 11:16:53,1,CLIQUE_ESQUERDO,"Barreira @(21,25)"
2025-11-11 11:16:53,1,CLIQUE_ESQUERDO,"Barreira @(21,26)"
2025-11-11 11:16:53,1,CLIQUE_ESQUERDO,"Barreira @(21,26)"
2025-11-11 11:16:53,1,CLIQUE_ESQUERDO,"Barreira @(21,26)"
2025-11-11 11:16:53,1,CLIQUE_ESQUERDO,"Barreira @(20,26)"
2025-11-11 11:16:53,1,CLIQUE_ESQUERDO,"Barreira @(20,26)"
2025-11-11 11:16:53,1,CLIQUE_ESQUERDO,"Barreira @(20,26)"
2025-11-11 11:16:53,1,CLIQUE_ESQUERDO,"Barreira @(19,26)"
2025-11-11 11:16:53,1,CLIQUE_ESQUERDO,"Barreira @(19,26)"
2025-11-11 11:16:53,1,CLIQUE_ESQUERDO,"Barreira @(18,26)"
2025-11-11 11:16:53,1,CLIQUE_ESQUERDO,"Barreira @(18,26)"
2025-11-11 11:16:53,1,CLIQUE_ESQUERDO,"Barreira @(18,26)"
2025-11-11 11:16:53,1,CLIQUE_ESQUERDO,"Barreira @(17,25)"
2025-11-11 11:16:53,1,CLIQUE_ESQUERDO,"Barreira @(17,25)"
2025-11-11 11:16:53,1,CLIQUE_ESQUERDO,"Barreira @(17,25)"
2025-11-11 11:16:53,1,CLIQUE_ESQUERDO,"Barreira @(17,25)"
2025-11-11 11:16:53,1,CLIQUE_ESQUERDO,"Barreira @(17,25)"
2025-11-11 11:16:53,1,CLIQUE_ESQUERDO,"Barreira @(17,25)"
2025-11-11 11:16:53,1,CLIQUE_ESQUERDO,"Barreira @(17,25)"
2025-11-11 11:16:53,1,RUN_1_AGENTE,"Start:(28,11)"
2025-11-11 11:16:53,1,FIM_MOVIMENTO,1 agentes
2025-11-11 11:16:56,1,LIMPAR_GRID,C
2025-11-11 11:16:57,1,CLIQUE_ESQUERDO,"Start @(23,7)"
2025-11-11 11:16:57,1,CLIQUE_ESQUERDO,"End @(7,43)"
2025-11-11 11:16:58,1,CLIQUE_ESQUERDO,"Barreira @(6,14)"
2025-11-11 11:16:58,1,CLIQUE_ESQUERDO,"Barreira @(6,14)"
2025-11-11 11:16:58,1,CLIQUE_ESQUERDO,"Barreira @(6,14)"
2025-11-11 11:16:58,1,CLIQUE_ESQUERDO,"Barreira @(6,14)"
2025-11-11 11:16:58,1,CLIQUE_ESQUERDO,"Barreira @(6,14)"
2025-11-11 11:16:58,1,CLIQUE_ESQUERDO,"Barreira @(6,14)"
2025-11-11 11:16:58,1,CLIQUE_ESQUERDO,"Barreira @(6,14)"
2025-11-11 11:16:58,1,CLIQUE_ESQUERDO,"Barreira @(6,14)"
2025-11-11 11:16:58,1,CLIQUE_ESQUERDO,"Barreira @(6,15)"
2025-11-11 11:16:58,1,CLIQUE_ESQUERDO,"Barreira @(6,15)"
2025-11-11 11:16:58,1,CLIQUE_ESQUERDO,"Barreira @(6,15)"
2025-11-11 11:16:58,1,CLIQUE_ESQUERDO,"Barreira @(6,15)"
2025-11-11 11:16:58,1,CLIQUE_ESQUERDO,"Barreira @(6,15)"
2025-11-11 11:16:58,1,CLIQUE_ESQUERDO,"Barreira @(6,15)"
2025-11-11 11:16:58,1,CLIQUE_ESQUERDO,"Barreira @(6,15)"
2025-11-11 11:16:58,1,CLIQUE_ESQUERDO,"Barreira @(6,15)"
2025-11-11 11:16:58,1,CLIQUE_ESQUERDO,"Barreira @(6,15)"
2025-11-11 11:16:58,1,CLIQUE_ESQUERDO,"Barreira @(6,15)"
2025-11-11 11:16:58,1,CLIQUE_ESQUERDO,"Barreira @(6,15)"
2025-11-11 11:16:58,1,CLIQUE_ESQUERDO,"Barreira @(7,15)"
2025-11-11 11:16:58,1,CLIQUE_ESQUERDO,"Barreira @(7,15)"
2025-11-11 11:16:58,1,CLIQUE_ESQUERDO,"Barreira @(7,15)"
2025-11-11 11:16:58,1,CLIQUE_ESQUERDO,"Barreira @(7,15)"
2025-11-11 11:16:58,1,CLIQUE_ESQUERDO,"Barreira @(7,15)"
2025-11-11 11:16:58,1,CLIQUE_ESQUERDO,"Barreira @(7,15)"
2025-11-11 11:16:58,1,CLIQUE_ESQUERDO,"Barreira @(7,15)"
2025-11-11 11:16:58,1,CLIQUE_ESQUERDO,"Barreira @(7,15)"
2025-11-11 11:16:58,1,CLIQUE_ESQUERDO,"Barreira @(7,16)"
2025-11-11 11:16:58,1,CLIQUE_ESQUERDO,"Barreira @(7,16)"
2025-11-11 11:16:58,1,CLIQUE_ESQUERDO,"Barreira @(7,16)"
2025-11-11 11:16:58,1,CLIQUE_ESQUERDO,"Barreira @(7,16)"
2025-11-11 11:16:58,1,CLIQUE_ESQUERDO,"Barreira @(7,16)"
2025-11-11 11:16:58,1,CLIQUE_ESQUERDO,"Barreira @(7,16)"
2025-11-11 11:16:58,1,CLIQUE_ESQUERDO,"Barreira @(8,16)"
2025-11-11 11:16:58,1,CLIQUE_ESQUERDO,"Barreira @(8,16)"
2025-11-11 11:16:58,1,CLIQUE_ESQUERDO,"Barreira @(8,16)"
2025-11-11 11:16:58,1,CLIQUE_ESQUERDO,"Barreira @(8,16)"
2025-11-11 11:16:58,1,CLIQUE_ESQUERDO,"Barreira @(8,16)"
2025-11-11 11:16:58,1,CLIQUE_ESQUERDO,"Barreira @(8,16)"
2025-11-11 11:16:58,1,CLIQUE_ESQUERDO,"Barreira @(8,16)"
2025-11-11 11:16:58,1,CLIQUE_ESQUERDO,"Barreira @(8,16)"
2025-11-11 11:16:58,1,CLIQUE_ESQUERDO,"Barreira @(8,16)"
2025-11-11 11:16:58,1,CLIQUE_ESQUERDO,"Barreira @(8,16)"
2025-11-11 11:16:58,1,CLIQUE_ESQUERDO,"Barreira @(8,16)"
2025-11-11 11:16:58,1,CLIQUE_ESQUERDO,"Barreira @(8,16)"
2025-11-11 11:16:58,1,CLIQUE_ESQUERDO,"Barreira @(9,16)"
2025-11-11 11:16:58,1,CLIQUE_ESQUERDO,"Barreira @(9,16)"
2025-11-11 11:16:58,1,CLIQUE_ESQUERDO,"Barreira @(9,16)"
2025-11-11 11:16:58,1,CLIQUE_ESQUERDO,"Barreira @(9,16)"
2025-11-11 11:16:58,1,CLIQUE_ESQUERDO,"Barreira @(9,16)"
2025-11-11 11:16:58,1,CLIQUE_ESQUERDO,"Barreira @(9,16)"
2025-11-11 11:16:58,1,CLIQUE_ESQUERDO,"Barreira @(9,16)"
2025-11-11 11:16:58,1,CLIQUE_ESQUERDO,"Barreira @(9,16)"
2025-11-11 11:16:58,1,CLIQUE_ESQUERDO,"Barreira @(9,16)"
2025-11-11 11:16:58,1,CLIQUE_ESQUERDO,"Barreira @(9,16)"
2025-11-11 11:16:58,1,CLIQUE_ESQUERDO,"Barreira @(9,16)"
2025-11-11 11:16:58,1,CLIQUE_ESQUERDO,"Barreira @(9,16)"
2025-11-11 11:16:58,1,CLIQUE_ESQUERDO,"Barreira @(9,17)"
2025-11-11 11:16:59,1,CLIQUE_ESQUERDO,"Barreira @(10,17)"
2025-11-11 11:16:59,1,CLIQUE_ESQUERDO,"Barreira @(10,17)"
2025-11-11 11:16:59,1,CLIQUE_ESQUERDO,"Barreira @(10,17)"
2025-11-11 11:16:59,1,CLIQUE_ESQUERDO,"Barreira @(10,17)"
2025-11-11 11:16:59,1,CLIQUE_ESQUERDO,"Barreira @(10,17)"
2025-11-11 11:16:59,1,CLIQUE_ESQUERDO,"Barreira @(10,17)"
2025-11-11 11:16:59,1,CLIQUE_ESQUERDO,"Barreira @(10,17)"
2025-11-11 11:16:59,1,CLIQUE_ESQUERDO,"Barreira @(10,17)"
2025-11-11 11:16:59,1,CLIQUE_ESQUERDO,"Barreira @(10,17)"
2025-11-11 11:16:59,1,CLIQUE_ESQUERDO,"Barreira @(10,17)"
2025-11-11 11:16:59,1,CLIQUE_ESQUERDO,"Barreira @(10,17)"
2025-11-11 11:16:59,1,CLIQUE_ESQUERDO,"Barreira @(10,17)"
2025-11-11 11:16:59,1,CLIQUE_ESQUERDO,"Barreira @(10,17)"
2025-11-11 11:16:59,1,CLIQUE_ESQUERDO,"Barreira @(11,17)"
2025-11-11 11:16:59,1,CLIQUE_ESQUERDO,"Barreira @(11,17)"
2025-11-11 11:16:59,1,CLIQUE_ESQUERDO,"Barreira @(11,18)"
2025-11-11 11:16:59,1,CLIQUE_ESQUERDO,"Barreira @(11,18)"
2025-11-11 11:16:59,1,CLIQUE_ESQUERDO,"Barreira @(11,18)"
2025-11-11 11:16:59,1,CLIQUE_ESQUERDO,"Barreira @(11,18)"
2025-11-11 11:16:59,1,CLIQUE_ESQUERDO,"Barreira @(11,18)"
2025-11-11 11:16:59,1,CLIQUE_ESQUERDO,"Barreira @(11,18)"
2025-11-11 11:16:59,1,CLIQUE_ESQUERDO,"Barreira @(11,18)"
2025-11-11 11:16:59,1,CLIQUE_ESQUERDO,"Barreira @(11,18)"
2025-11-11 11:16:59,1,CLIQUE_ESQUERDO,"Barreira @(12,18)"
2025-11-11 11:16:59,1,CLIQUE_ESQUERDO,"Barreira @(12,18)"
2025-11-11 11:16:59,1,CLIQUE_ESQUERDO,"Barreira @(12,18)"
2025-11-11 11:16:59,1,CLIQUE_ESQUERDO,"Barreira @(12,18)"
2025-11-11 11:16:59,1,CLIQUE_ESQUERDO,"Barreira @(12,18)"
2025-11-11 11:16:59,1,CLIQUE_ESQUERDO,"Barreira @(12,18)"
2025-11-11 11:16:59,1,CLIQUE_ESQUERDO,"Barreira @(12,18)"
2025-11-11 11:16:59,1,CLIQUE_ESQUERDO,"Barreira @(12,18)"
2025-11-11 11:16:59,1,CLIQUE_ESQUERDO,"Barreira @(12,18)"
2025-11-11 11:16:59,1,CLIQUE_ESQUERDO,"Barreira @(12,18)"
2025-11-11 11:16:59,1,CLIQUE_ESQUERDO,"Barreira @(12,18)"
2025-11-11 11:16:59,1,CLIQUE_ESQUERDO,"Barreira @(12,18)"
2025-11-11 11:16:59,1,CLIQUE_ESQUERDO,"Barreira @(12,18)"
2025-11-11 11:16:59,1,CLIQUE_ESQUERDO,"Barreira @(12,18)"
2025-11-11 11:16:59,1,CLIQUE_ESQUERDO,"Barreira @(12,18)"
2025-11-11 11:16:59,1,CLIQUE_ESQUERDO,"Barreira @(12,18)"
2025-11-11 11:16:59,1,CLIQUE_ESQUERDO,"Barreira @(13,19)"
2025-11-11 11:16:59,1,CLIQUE_ESQUERDO,"Barreira @(13,19)"
2025-11-11 11:16:59,1,CLIQUE_ESQUERDO,"Barreira @(13,19)"
2025-11-11 11:16:59,1,CLIQUE_ESQUERDO,"Barreira @(13,19)"
2025-11-11 11:16:59,1,CLIQUE_ESQUERDO,"Barreira @(13,19)"
2025-11-11 11:16:59,1,CLIQUE_ESQUERDO,"Barreira @(13,19)"
2025-11-11 11:16:59,1,CLIQUE_ESQUERDO,"Barreira @(13,19)"
2025-11-11 11:16:59,1,CLIQUE_ESQUERDO,"Barreira @(13,19)"
2025-11-11 11:16:59,1,CLIQUE_ESQUERDO,"Barreira @(13,19)"
2025-11-11 11:16:59,1,CLIQUE_ESQUERDO,"Barreira @(13,19)"
2025-11-11 11:16:59,1,CLIQUE_ESQUERDO,"Barreira @(13,19)"
2025-11-11 11:16:59,1,CLIQUE_ESQUERDO,"Barreira @(13,19)"
2025-11-11 11:16:59,1,CLIQUE_ESQUERDO,"Barreira @(13,19)"
2025-11-11 11:16:59,1,CLIQUE_ESQUERDO,"Barreira @(13,19)"
2025-11-11 11:16:59,1,CLIQUE_ESQUERDO,"Barreira @(14,19)"
2025-11-11 11:16:59,1,CLIQUE_ESQUERDO,"Barreira @(14,19)"
2025-11-11 11:16:59,1,CLIQUE_ESQUERDO,"Barreira @(14,19)"
2025-11-11 11:16:59,1,CLIQUE_ESQUERDO,"Barreira @(14,19)"
2025-11-11 11:16:59,1,CLIQUE_ESQUERDO,"Barreira @(14,19)"
2025-11-11 11:16:59,1,CLIQUE_ESQUERDO,"Barreira @(14,19)"
2025-11-11 11:16:59,1,CLIQUE_ESQUERDO,"Barreira @(14,19)"
2025-11-11 11:16:59,1,CLIQUE_ESQUERDO,"Barreira @(14,19)"
2025-11-11 11:16:59,1,CLIQUE_ESQUERDO,"Barreira @(14,19)"
2025-11-11 11:16:59,1,CLIQUE_ESQUERDO,"Barreira @(14,19)"
2025-11-11 11:16:59,1,CLIQUE_ESQUERDO,"Barreira @(15,19)"
2025-11-11 11:16:59,1,CLIQUE_ESQUERDO,"Barreira @(15,19)"
2025-11-11 11:16:59,1,CLIQUE_ESQUERDO,"Barreira @(15,19)"
2025-11-11 11:16:59,1,CLIQUE_ESQUERDO,"Barreira @(15,19)"
2025-11-11 11:16:59,1,CLIQUE_ESQUERDO,"Barreira @(15,19)"
2025-11-11 11:16:59,1,CLIQUE_ESQUERDO,"Barreira @(15,19)"
2025-11-11 11:16:59,1,CLIQUE_ESQUERDO,"Barreira @(15,19)"
2025-11-11 11:16:59,1,CLIQUE_ESQUERDO,"Barreira @(15,19)"
2025-11-11 11:16:59,1,CLIQUE_ESQUERDO,"Barreira @(15,19)"
2025-11-11 11:16:59,1,CLIQUE_ESQUERDO,"Barreira @(15,19)"
2025-11-11 11:16:59,1,CLIQUE_ESQUERDO,"Barreira @(15,19)"
2025-11-11 11:16:59,1,CLIQUE_ESQUERDO,"Barreira @(15,19)"
2025-11-11 11:16:59,1,CLIQUE_ESQUERDO,"Barreira @(15,19)"
2025-11-11 11:16:59,1,CLIQUE_ESQUERDO,"Barreira @(15,19)"
2025-11-11 11:16:59,1,CLIQUE_ESQUERDO,"Barreira @(15,19)"
2025-11-11 11:16:59,1,CLIQUE_ESQUERDO,"Barreira @(16,19)"
2025-11-11 11:16:59,1,CLIQUE_ESQUERDO,"Barreira @(16,19)"
2025-11-11 11:16:59,1,CLIQUE_ESQUERDO,"Barreira @(16,19)"
2025-11-11 11:16:59,1,CLIQUE_ESQUERDO,"Barreira @(16,19)"
2025-11-11 11:16:59,1,CLIQUE_ESQUERDO,"Barreira @(16,19)"
2025-11-11 11:16:59,1,CLIQUE_ESQUERDO,"Barreira @(16,19)"
2025-11-11 11:16:59,1,CLIQUE_ESQUERDO,"Barreira @(16,19)"
2025-11-11 11:16:59,1,CLIQUE_ESQUERDO,"Barreira @(16,19)"
2025-11-11 11:16:59,1,CLIQUE_ESQUERDO,"Barreira @(16,20)"
2025-11-11 11:16:59,1,CLIQUE_ESQUERDO,"Barreira @(16,20)"
2025-11-11 11:16:59,1,CLIQUE_ESQUERDO,"Barreira @(16,20)"
2025-11-11 11:16:59,1,CLIQUE_ESQUERDO,"Barreira @(16,20)"
2025-11-11 11:16:59,1,CLIQUE_ESQUERDO,"Barreira @(16,20)"
2025-11-11 11:16:59,1,CLIQUE_ESQUERDO,"Barreira @(16,20)"
2025-11-11 11:16:59,1,CLIQUE_ESQUERDO,"Barreira @(17,20)"
2025-11-11 11:16:59,1,CLIQUE_ESQUERDO,"Barreira @(17,20)"
2025-11-11 11:16:59,1,CLIQUE_ESQUERDO,"Barreira @(17,20)"
2025-11-11 11:16:59,1,CLIQUE_ESQUERDO,"Barreira @(17,20)"
2025-11-11 11:16:59,1,CLIQUE_ESQUERDO,"Barreira @(17,20)"
2025-11-11 11:16:59,1,CLIQUE_ESQUERDO,"Barreira @(17,20)"
2025-11-11 11:16:59,1,CLIQUE_ESQUERDO,"Barreira @(17,20)"
2025-11-11 11:16:59,1,CLIQUE_ESQUERDO,"Barreira @(17,20)"
2025-11-11 11:16:59,1,CLIQUE_ESQUERDO,"Barreira @(17,20)"
2025-11-11 11:16:59,1,CLIQUE_ESQUERDO,"Barreira @(18,20)"
2025-11-11 11:16:59,1,CLIQUE_ESQUERDO,"Barreira @(18,20)"
2025-11-11 11:16:59,1,CLIQUE_ESQUERDO,"Barreira @(18,20)"
2025-11-11 11:16:59,1,CLIQUE_ESQUERDO,"Barreira @(18,20)"
2025-11-11 11:16:59,1,CLIQUE_ESQUERDO,"Barreira @(18,20)"
2025-11-11 11:16:59,1,CLIQUE_ESQUERDO,"Barreira @(18,20)"
2025-11-11 11:16:59,1,CLIQUE_ESQUERDO,"Barreira @(18,20)"
2025-11-11 11:16:59,1,CLIQUE_ESQUERDO,"Barreira @(18,20)"
2025-11-11 11:16:59,1,CLIQUE_ESQUERDO,"Barreira @(18,21)"
2025-11-11 11:16:59,1,CLIQUE_ESQUERDO,"Barreira @(18,21)"
2025-11-11 11:16:59,1,CLIQUE_ESQUERDO,"Barreira @(18,21)"
2025-11-11 11:16:59,1,CLIQUE_ESQUERDO,"Barreira @(19,21)"
2025-11-11 11:16:59,1,CLIQUE_ESQUERDO,"Barreira @(19,21)"
2025-11-11 11:16:59,1,CLIQUE_ESQUERDO,"Barreira @(19,21)"
2025-11-11 11:16:59,1,CLIQUE_ESQUERDO,"Barreira @(19,21)"
2025-11-11 11:16:59,1,CLIQUE_ESQUERDO,"Barreira @(19,21)"
2025-11-11 11:16:59,1,CLIQUE_ESQUERDO,"Barreira @(19,21)"
2025-11-11 11:16:59,1,CLIQUE_ESQUERDO,"Barreira @(19,21)"
2025-11-11 11:16:59,1,CLIQUE_ESQUERDO,"Barreira @(19,21)"
2025-11-11 11:16:59,1,CLIQUE_ESQUERDO,"Barreira @(19,21)"
2025-11-11 11:16:59,1,CLIQUE_ESQUERDO,"Barreira @(19,21)"
2025-11-11 11:16:59,1,CLIQUE_ESQUERDO,"Barreira @(20,21)"
2025-11-11 11:16:59,1,CLIQUE_ESQUERDO,"Barreira @(20,21)"
2025-11-11 11:16:59,1,CLIQUE_ESQUERDO,"Barreira @(20,21)"
2025-11-11 11:16:59,1,CLIQUE_ESQUERDO,"Barreira @(20,21)"
2025-11-11 11:16:59,1,CLIQUE_ESQUERDO,"Barreira @(20,21)"
2025-11-11 11:16:59,1,CLIQUE_ESQUERDO,"Barreira @(20,21)"
2025-11-11 11:17:00,1,CLIQUE_ESQUERDO,"Barreira @(20,21)"
2025-11-11 11:17:00,1,CLIQUE_ESQUERDO,"Barreira @(20,21)"
2025-11-11 11:17:00,1,CLIQUE_ESQUERDO,"Barreira @(20,21)"
2025-11-11 11:17:00,1,CLIQUE_ESQUERDO,"Barreira @(20,21)"
2025-11-11 11:17:00,1,CLIQUE_ESQUERDO,"Barreira @(20,21)"
2025-11-11 11:17:00,1,CLIQUE_ESQUERDO,"Barreira @(21,21)"
2025-11-11 11:17:00,1,CLIQUE_ESQUERDO,"Barreira @(21,21)"
2025-11-11 11:17:00,1,CLIQUE_ESQUERDO,"Barreira @(21,22)"
2025-11-11 11:17:00,1,CLIQUE_ESQUERDO,"Barreira @(21,22)"
2025-11-11 11:17:00,1,CLIQUE_ESQUERDO,"Barreira @(21,22)"
2025-11-11 11:17:00,1,CLIQUE_ESQUERDO,"Barreira @(21,22)"
2025-11-11 11:17:00,1,CLIQUE_ESQUERDO,"Barreira @(21,22)"
2025-11-11 11:17:00,1,CLIQUE_ESQUERDO,"Barreira @(21,22)"
2025-11-11 11:17:00,1,CLIQUE_ESQUERDO,"Barreira @(21,22)"
2025-11-11 11:17:00,1,CLIQUE_ESQUERDO,"Barreira @(21,22)"
2025-11-11 11:17:00,1,CLIQUE_ESQUERDO,"Barreira @(22,22)"
2025-11-11 11:17:00,1,CLIQUE_ESQUERDO,"Barreira @(22,22)"
2025-11-11 11:17:00,1,CLIQUE_ESQUERDO,"Barreira @(22,22)"
2025-11-11 11:17:00,1,CLIQUE_ESQUERDO,"Barreira @(22,22)"
2025-11-11 11:17:00,1,CLIQUE_ESQUERDO,"Barreira @(22,22)"
2025-11-11 11:17:00,1,CLIQUE_ESQUERDO,"Barreira @(22,22)"
2025-11-11 11:17:00,1,CLIQUE_ESQUERDO,"Barreira @(22,22)"
2025-11-11 11:17:00,1,CLIQUE_ESQUERDO,"Barreira @(22,22)"
2025-11-11 11:17:00,1,CLIQUE_ESQUERDO,"Barreira @(22,22)"
2025-11-11 11:17:00,1,CLIQUE_ESQUERDO,"Barreira @(22,22)"
2025-11-11 11:17:00,1,CLIQUE_ESQUERDO,"Barreira @(23,22)"
2025-11-11 11:17:00,1,CLIQUE_ESQUERDO,"Barreira @(23,22)"
2025-11-11 11:17:00,1,CLIQUE_ESQUERDO,"Barreira @(23,22)"
2025-11-11 11:17:00,1,CLIQUE_ESQUERDO,"Barreira @(23,22)"
2025-11-11 11:17:00,1,CLIQUE_ESQUERDO,"Barreira @(23,22)"
2025-11-11 11:17:00,1,CLIQUE_ESQUERDO,"Barreira @(23,22)"
2025-11-11 11:17:00,1,CLIQUE_ESQUERDO,"Barreira @(23,22)"
2025-11-11 11:17:00,1,CLIQUE_ESQUERDO,"Barreira @(23,22)"
2025-11-11 11:17:00,1,CLIQUE_ESQUERDO,"Barreira @(23,22)"
2025-11-11 11:17:00,1,CLIQUE_ESQUERDO,"Barreira @(23,22)"
2025-11-11 11:17:00,1,CLIQUE_ESQUERDO,"Barreira @(23,22)"
2025-11-11 11:17:00,1,CLIQUE_ESQUERDO,"Barreira @(23,22)"
2025-11-11 11:17:00,1,CLIQUE_ESQUERDO,"Barreira @(23,22)"
2025-11-11 11:17:00,1,CLIQUE_ESQUERDO,"Barreira @(24,22)"
2025-11-11 11:17:00,1,CLIQUE_ESQUERDO,"Barreira @(24,23)"
2025-11-11 11:17:00,1,CLIQUE_ESQUERDO,"Barreira @(24,23)"
2025-11-11 11:17:00,1,CLIQUE_ESQUERDO,"Barreira @(24,23)"
2025-11-11 11:17:00,1,CLIQUE_ESQUERDO,"Barreira @(24,23)"
2025-11-11 11:17:00,1,CLIQUE_ESQUERDO,"Barreira @(24,23)"
2025-11-11 11:17:00,1,CLIQUE_ESQUERDO,"Barreira @(24,23)"
2025-11-11 11:17:00,1,CLIQUE_ESQUERDO,"Barreira @(24,23)"
2025-11-11 11:17:00,1,CLIQUE_ESQUERDO,"Barreira @(24,23)"
2025-11-11 11:17:00,1,CLIQUE_ESQUERDO,"Barreira @(24,23)"
2025-11-11 11:17:00,1,CLIQUE_ESQUERDO,"Barreira @(24,23)"
2025-11-11 11:17:00,1,CLIQUE_ESQUERDO,"Barreira @(25,23)"
2025-11-11 11:17:00,1,CLIQUE_ESQUERDO,"Barreira @(25,23)"
2025-11-11 11:17:00,1,CLIQUE_ESQUERDO,"Barreira @(25,23)"
2025-11-11 11:17:00,1,CLIQUE_ESQUERDO,"Barreira @(25,23)"
2025-11-11 11:17:00,1,CLIQUE_ESQUERDO,"Barreira @(25,23)"
2025-11-11 11:17:00,1,CLIQUE_ESQUERDO,"Barreira @(25,23)"
2025-11-11 11:17:00,1,CLIQUE_ESQUERDO,"Barreira @(25,23)"
2025-11-11 11:17:00,1,CLIQUE_ESQUERDO,"Barreira @(25,23)"
2025-11-11 11:17:00,1,CLIQUE_ESQUERDO,"Barreira @(25,23)"
2025-11-11 11:17:00,1,CLIQUE_ESQUERDO,"Barreira @(25,23)"
2025-11-11 11:17:00,1,CLIQUE_ESQUERDO,"Barreira @(25,23)"
2025-11-11 11:17:00,1,CLIQUE_ESQUERDO,"Barreira @(26,23)"
2025-11-11 11:17:00,1,CLIQUE_ESQUERDO,"Barreira @(26,23)"
2025-11-11 11:17:00,1,CLIQUE_ESQUERDO,"Barreira @(26,23)"
2025-11-11 11:17:00,1,CLIQUE_ESQUERDO,"Barreira @(26,23)"
2025-11-11 11:17:00,1,CLIQUE_ESQUERDO,"Barreira @(26,23)"
2025-11-11 11:17:00,1,CLIQUE_ESQUERDO,"Barreira @(26,23)"
2025-11-11 11:17:00,1,CLIQUE_ESQUERDO,"Barreira @(26,23)"
2025-11-11 11:17:00,1,CLIQUE_ESQUERDO,"Barreira @(26,24)"
2025-11-11 11:17:00,1,CLIQUE_ESQUERDO,"Barreira @(26,24)"
2025-11-11 11:17:00,1,CLIQUE_ESQUERDO,"Barreira @(26,24)"
2025-11-11 11:17:00,1,CLIQUE_ESQUERDO,"Barreira @(26,24)"
2025-11-11 11:17:00,1,CLIQUE_ESQUERDO,"Barreira @(27,24)"
2025-11-11 11:17:00,1,CLIQUE_ESQUERDO,"Barreira @(27,24)"
2025-11-11 11:17:00,1,CLIQUE_ESQUERDO,"Barreira @(27,24)"
2025-11-11 11:17:00,1,CLIQUE_ESQUERDO,"Barreira @(27,24)"
2025-11-11 11:17:00,1,CLIQUE_ESQUERDO,"Barreira @(27,24)"
2025-11-11 11:17:00,1,CLIQUE_ESQUERDO,"Barreira @(27,24)"
2025-11-11 11:17:00,1,CLIQUE_ESQUERDO,"Barreira @(27,24)"
2025-11-11 11:17:00,1,CLIQUE_ESQUERDO,"Barreira @(27,24)"
2025-11-11 11:17:00,1,CLIQUE_ESQUERDO,"Barreira @(28,24)"
2025-11-11 11:17:00,1,CLIQUE_ESQUERDO,"Barreira @(28,24)"
2025-11-11 11:17:00,1,CLIQUE_ESQUERDO,"Barreira @(28,24)"
2025-11-11 11:17:00,1,CLIQUE_ESQUERDO,"Barreira @(28,24)"
2025-11-11 11:17:00,1,CLIQUE_ESQUERDO,"Barreira @(28,24)"
2025-11-11 11:17:00,1,CLIQUE_ESQUERDO,"Barreira @(28,24)"
2025-11-11 11:17:00,1,CLIQUE_ESQUERDO,"Barreira @(28,24)"
2025-11-11 11:17:00,1,CLIQUE_ESQUERDO,"Barreira @(28,24)"
2025-11-11 11:17:00,1,CLIQUE_ESQUERDO,"Barreira @(29,24)"
2025-11-11 11:17:00,1,CLIQUE_ESQUERDO,"Barreira @(29,24)"
2025-11-11 11:17:00,1,CLIQUE_ESQUERDO,"Barreira @(29,24)"
2025-11-11 11:17:00,1,CLIQUE_ESQUERDO,"Barreira @(29,24)"
2025-11-11 11:17:00,1,CLIQUE_ESQUERDO,"Barreira @(29,24)"
2025-11-11 11:17:00,1,CLIQUE_ESQUERDO,"Barreira @(29,24)"
2025-11-11 11:17:00,1,CLIQUE_ESQUERDO,"Barreira @(29,24)"
2025-11-11 11:17:00,1,CLIQUE_ESQUERDO,"Barreira @(29,24)"
2025-11-11 11:17:00,1,CLIQUE_ESQUERDO,"Barreira @(29,24)"
2025-11-11 11:17:00,1,CLIQUE_ESQUERDO,"Barreira @(29,24)"
2025-11-11 11:17:00,1,CLIQUE_ESQUERDO,"Barreira @(30,24)"
2025-11-11 11:17:00,1,CLIQUE_ESQUERDO,"Barreira @(30,24)"
2025-11-11 11:17:00,1,CLIQUE_ESQUERDO,"Barreira @(30,24)"
2025-11-11 11:17:00,1,CLIQUE_ESQUERDO,"Barreira @(30,24)"
2025-11-11 11:17:00,1,CLIQUE_ESQUERDO,"Barreira @(30,24)"
2025-11-11 11:17:00,1,CLIQUE_ESQUERDO,"Barreira @(30,24)"
2025-11-11 11:17:00,1,CLIQUE_ESQUERDO,"Barreira @(30,24)"
2025-11-11 11:17:00,1,CLIQUE_ESQUERDO,"Barreira @(30,24)"
2025-11-11 11:17:00,1,CLIQUE_ESQUERDO,"Barreira @(30,24)"
2025-11-11 11:17:01,1,RUN_1_AGENTE,"Start:(23,7)"
2025-11-11 11:17:01,1,FIM_MOVIMENTO,1 agentes
2025-11-11 11:17:09,Procedural (9 Ags),INICIO_SESSAO,Res=50
2025-11-11 11:17:09,Procedural (9 Ags),GERAR_PROCEDURAL,9 agentes
2025-11-11 11:17:09,2,FIM_MOVIMENTO,9 agentes
2025-11-11 11:17:11,2,LIMPAR_GRID,C
2025-11-11 11:17:12,2,FIM_MOVIMENTO,9 agentes
2025-11-11 11:17:13,2,LIMPAR_GRID,C
2025-11-11 11:17:13,2,FIM_MOVIMENTO,9 agentes
2025-11-11 11:17:14,2,LIMPAR_GRID,C
2025-11-11 11:17:14,2,FIM_MOVIMENTO,9 agentes
2025-11-11 11:17:15,2,LIMPAR_GRID,C
2025-11-11 11:17:15,2,FIM_MOVIMENTO,9 agentes
2025-11-11 11:17:21,Procedural (2 Ags),INICIO_SESSAO,Res=50
2025-11-11 11:17:21,Procedural (2 Ags),GERAR_PROCEDURAL,2 agentes
2025-11-11 11:17:21,2,FIM_MOVIMENTO,2 agentes
2025-11-11 11:17:22,2,LIMPAR_GRID,C
2025-11-11 11:17:22,2,FIM_MOVIMENTO,2 agentes
2025-11-11 11:17:23,2,LIMPAR_GRID,C
2025-11-11 11:17:23,2,FIM_MOVIMENTO,2 agentes
2025-11-11 11:17:23,2,LIMPAR_GRID,C
2025-11-11 11:17:24,2,FIM_MOVIMENTO,2 agentes
2025-11-11 11:17:24,2,LIMPAR_GRID,C
2025-11-11 11:17:24,2,FIM_MOVIMENTO,2 agentes
2025-11-11 11:17:25,2,LIMPAR_GRID,C
2025-11-11 11:17:25,2,FIM_MOVIMENTO,2 agentes
2025-11-11 11:17:26,2,LIMPAR_GRID,C
2025-11-11 11:17:26,2,FIM_MOVIMENTO,2 agentes
